-0.35582565856807225,-0.6317567761496291,-0.6886737082927045,1.0
0.5920177623759413,0.7460037684417057,-0.30494810460495975,1.0
-0.2662258527168233,-0.43848843308228497,-0.8584006578505418,1.0
-0.9504160861195853,-0.16124064787687697,0.26591486742447085,1.0
-0.5462017850521288,0.412612045552169,0.7289821053161203,1.0
-0.7742810166368058,-0.14169889874124558,-0.616774131567945,1.0
-0.6731247917666956,0.43091261636808204,0.6010135870043678,1.0
-0.3630113091834951,0.4750263270517036,0.8016063734855486,1.0
-0.2859252467213127,-0.933333161880923,-0.2171081809161396,1.0
0.6020149153598914,-0.2682749912563306,0.752068195545217,1.0
0.15403980279050095,0.9219944653985596,0.35524350089859175,1.0
0.08481210095605027,-0.9932638627245667,-0.07895445862580265,1.0
0.8829858571742895,-0.29977465940503395,-0.3612078758952815,1.0
-0.9133885088148028,0.22855564679261867,0.3368734900289402,1.0
-0.05326791624597783,-0.9336733719851776,-0.354142010420452,1.0
-0.43144062439293435,0.1726209675561372,0.8854721843081339,1.0
0.4152083802898094,-0.17656777098230853,-0.8924269287664128,1.0
-0.1969156179282694,0.9802511925281433,0.018216447597730657,1.0
0.2855565157544611,0.09931711824495555,-0.9532017553139994,1.0
0.36267432254761683,-0.2693845379640887,0.8921318884954744,1.0
0.10614584208803621,0.6467692387510984,0.7552632733111987,1.0
0.29701320481376836,0.14596943032152834,0.943650402202989,1.0
-0.5215124977770607,-0.37139809429695025,-0.7681719665640792,1.0
-0.6501505975182561,0.501168862590567,0.5710814055074214,1.0
0.9985525052663669,0.008453620635485704,-0.05311713964826905,1.0
-0.985968900019767,0.06671683376743641,-0.15301696731362507,1.0
0.46825401505441894,-0.6334572667636857,0.6160114191877426,1.0
-0.19048192747935486,0.9761491614663766,0.1041606925487707,1.0
0.7670009082479778,-0.6217821026195266,0.15841913902309082,1.0
-0.882699483132591,-0.1462423907067871,0.446603611313008,1.0
0.8743709448362127,0.23724284930626927,0.42330991162418036,1.0
-0.8508898815504484,-0.47320947532101293,-0.22816485693786245,1.0
-0.29651117672968424,-0.6667252306529532,0.6837825596526607,1.0
0.9988719402339877,-0.00016065573023533658,-0.04748495764897722,1.0
-0.6447598167897465,0.5614272977201277,0.5187332339728462,1.0
-0.3247314337515307,0.8658672286601972,-0.3805567477604164,1.0
-0.16028226988494573,0.17204033949000172,0.9719628159290326,1.0
-0.183797146107606,0.7706552465985268,0.6101713693486965,1.0
0.6367276182953687,0.7645109619897607,-0.10050337853723158,1.0
-0.6322670604101956,0.021169009926970055,-0.774461256189722,1.0
-0.25014925621192297,0.04410799180933915,0.9672020650697397,1.0
0.9350233981305041,0.22347435111026706,0.2753006708025426,1.0
-0.5116316499002246,-0.7394789690869115,0.43749732467585756,1.0
-0.7710234126532934,-0.6365013407254032,0.01972157182461722,1.0
-0.9103953851477808,-0.20848155919600514,-0.357373309267531,1.0
-0.6637090596780497,0.3630352475978956,-0.6539844746649677,1.0
0.17226185053584064,-0.061620399232759464,-0.9831219564470945,1.0
0.7722137900321008,-0.536222968804362,-0.34080902307728667,1.0
-0.14389047908143332,-0.5896476389487153,-0.7947397007271758,1.0
-0.6734115715575514,-0.35496188533591333,0.6484742980652071,1.0
-0.19125829504273892,-0.6066435708062965,-0.771624158886132,1.0
0.1746980214834972,-0.9654891770603186,-0.19316120280517088,1.0
-0.43433736371586873,-0.8936394394641526,-0.11295842914339935,1.0
-0.3251233309838447,0.9416928986658673,0.08665624185392597,1.0
-0.322098483429134,0.7247127496174709,-0.609133809203312,1.0
-0.8595458902400656,-0.46373729053077606,-0.2147756688793867,1.0
0.5435698893073223,0.666276933218999,0.5104966441600874,1.0
-0.05457877316189889,0.6172282516175464,0.784888809275103,1.0
0.3982154647338875,0.5981635344734432,0.6954313982507635,1.0
0.11406330355455653,-0.8550306890432645,0.5058775381220456,1.0
0.16497811668499252,0.04362574342667488,-0.9853319316481848,1.0
0.6605844388700924,-0.5419847859901857,-0.5195004243288522,1.0
-0.3691521963515457,-0.7009553824352459,-0.6102361901459858,1.0
-0.8369247570086232,-0.3836824659437692,-0.3903136129234609,1.0
0.7047305178853898,0.629410962423678,-0.32740912867830896,1.0
0.2814767094471323,0.1479877110493535,-0.9480878120813427,1.0
0.0012648352186821665,0.014465074590913745,-0.9998945753472958,1.0
-0.08131796776295142,-0.47318239064230705,-0.8772034047499673,1.0
-0.022187053078745092,-0.5548853036671153,-0.8316309484680895,1.0
0.8324787526959746,0.11741488211302718,-0.5414728726059492,1.0
-0.24759334482602155,-0.9342363861169746,-0.2567097786469344,1.0
0.2502708977841705,0.5537393295726835,-0.7941896704230674,1.0
0.9683822144403295,0.22680540338815017,0.10389993142241437,1.0
-0.08996894512616238,-0.09862524424040345,0.991049267247298,1.0
0.985070515716254,0.04976795033084618,0.16480057702077341,1.0
0.7150930253412965,0.6821115641510398,-0.15285869016727052,1.0
0.02454035220913931,0.1353923686225963,-0.9904881007019793,1.0
0.8955773666279339,0.0782652636232776,0.4379677258586007,1.0
-0.202720188205738,0.9495532617939137,-0.2392762593956392,1.0
-0.23669158268273707,0.9685055459743162,-0.07729231594494324,1.0
0.5634389777241305,-0.04243116644603636,0.8250673393700756,1.0
-0.1563958330267665,0.5534131252584452,0.8180918384897531,1.0
-0.17967746036568952,-0.14866358723972226,0.9724274513122064,1.0
0.31841813047523854,0.9376882323716318,0.13910669666273662,1.0
0.877408496132164,-0.3411797872998853,0.3372694525940636,1.0
-0.13023490932021997,0.01976472078516464,-0.9912861464817506,1.0
0.6507920817345171,-0.6655393739974153,0.3654134754094081,1.0
-0.8795265732072312,-0.03991366543191886,-0.4741728654553461,1.0
-0.1075631199519585,0.7251145749167034,-0.6801757335200729,1.0
0.23664254990828681,-0.8586798212328027,0.4546089178409348,1.0
-0.4180806765002451,-0.5867439540615887,0.6934984356934553,1.0
0.37832285411594496,-0.077257455108312,-0.9224440924434134,1.0
-0.6546270993596149,-0.42689289862754276,0.6238796469555578,1.0
0.36642822291055427,-0.8786331289991662,0.30616038620263686,1.0
0.2002024273990368,-0.6331395323202301,-0.747698683078186,1.0
0.06219733802908152,-0.9940633401767178,-0.08927243056399214,1.0
0.06861399660717547,0.6988872995575035,0.7119330459999806,1.0
0.3935058978792441,-0.9093199964920934,0.13524145930101839,1.0
-0.40339410074371734,-0.685795774102762,0.6057700518414235,1.0
0.7749458055260079,0.5313754796224532,0.3421974549198965,1.0
0.7333964602287975,0.18498653802321227,-0.6541480053275838,1.0
0.030315403900583918,-0.7547155348304321,-0.6553513849622654,1.0
-0.6604268678836144,0.1691545444980817,-0.7315894287461279,1.0
0.007356449917734696,0.9570830769785128,-0.2897203244612809,1.0
0.2015089499009739,0.39819362232952343,-0.8948943972591961,1.0
0.7068544369950115,-0.704337225702487,0.06531368455529946,1.0
0.2939746637774215,-0.7416313637844051,-0.6029608754373997,1.0
0.24905937997723224,6.904849133793202e-5,-0.9684882139074602,1.0
-0.5886478417822605,-0.7847143272144224,0.1942090189190589,1.0
-0.1425885500232488,-0.29911908366554035,0.9435021352330661,1.0
-0.8685188275546969,-0.4082998422818079,0.2810094037139421,1.0
0.3102347040560131,-0.7960065582824739,0.5197383837764616,1.0
-0.3611588072207397,-0.9315861142717259,-0.04137182208943173,1.0
0.7166210083215248,-0.3560754535748737,-0.599720436364886,1.0
-0.31407412751978675,0.4144386137752453,-0.8541651349913187,1.0
0.7670629802551602,-0.22406251760443502,-0.6011741615595549,1.0
-0.9924447964660964,0.04019218303331709,0.11592201857449164,1.0
0.028443532455370724,0.04425375122610839,-0.9986153268220341,1.0
-0.1743143086814923,0.9672907726989574,0.1842907562531216,1.0
0.51289508222806,0.7335272969605704,0.44595553504804775,1.0
0.7167397559188412,-0.6366098393079319,0.28462613158620753,1.0
-0.5660053661752524,-0.10008541231990238,0.8183036329514698,1.0
-0.679480813799741,0.7294967180725289,0.07836046196552865,1.0
0.7921311232369166,-0.2157860198924933,0.5709331635300032,1.0
-0.0945383201488939,0.8990073761166657,0.4276075814473515,1.0
0.47440314507169423,-0.767473608011907,-0.4311912765250138,1.0
-0.8575587473400176,0.5031216281133338,-0.10705896592629677,1.0
-0.35477168059601716,0.11742806349877043,-0.9275493003339533,1.0
-0.160328415467889,-0.49174831420122433,0.8558495163717802,1.0
-0.8147004066528097,0.5195609892514609,0.257525971210264,1.0
0.6402136820266853,0.7679875549644141,0.01793200394868205,1.0
0.15086899966788458,0.10395843470786771,-0.9830723212420853,1.0
0.19057433436747706,0.8626249077195122,0.46857197063236306,1.0
0.5547874005459567,0.2622971754224263,-0.7895638871939857,1.0
0.6528329158281669,-0.43540107221687324,-0.6198669940589601,1.0
-0.8517933802594125,-0.5063250079768403,-0.13447313353787893,1.0
-0.48045457177087875,-0.5207852569935288,0.7056529746005792,1.0
-0.3472848597508525,-0.9206391750657217,-0.17837246290315745,1.0
0.4388239403849547,-0.6213616467043702,-0.6491095850084599,1.0
-0.8769875780352328,0.4551934714539177,0.15392105612172635,1.0
0.9587154538011404,0.06134300510055792,-0.2776719545940974,1.0
-0.9493817327039725,-0.24749947251598212,-0.19343819868969378,1.0
-0.9068612382196108,0.2981999911842055,0.29779096674099076,1.0
-0.9102641223185315,-0.20100633917841196,0.3619608808003521,1.0
0.4768289697011487,0.20186262513292771,-0.8555031351363851,1.0
-0.7548693392946387,-0.651815992457485,0.07285734396434859,1.0
-0.36678513027020276,0.4320570160837871,-0.8238904071934837,1.0
-0.6848733745373005,0.6854252740647092,-0.24726636350949327,1.0
0.2768435690273099,-0.6770840204812396,-0.6818466598122934,1.0
-0.6998697059592284,0.34228221309673423,-0.6269172842394322,1.0
0.9361275609277353,0.31606264088754327,0.15417391707640105,1.0
0.0018360346246515144,-0.7604888695006394,-0.6493483720950539,1.0
-0.16814786451921285,-0.9832332693916932,-0.0705594332385863,1.0
0.7675353825923137,-0.20702558354347708,0.6066546334013724,1.0
0.5437441734927204,-0.8323260445375509,0.1075900988808604,1.0
0.8986250858662712,0.42580556292559163,0.10565310044412658,1.0
-0.026596857108253533,0.9893091071744597,-0.14338792715440354,1.0
0.7253683319457842,-0.5634310299372194,-0.3954570235993727,1.0
0.805796123256514,0.5456769275776749,-0.23006368347516717,1.0
-0.2646434032111198,-0.032181285858620484,-0.9638092311123204,1.0
0.7333937877813387,0.1884618720060554,0.6531582310923701,1.0
-0.2827902241296932,0.8376909359883669,-0.46722969180009494,1.0
-0.06878469846026813,-0.9770266675538009,-0.20171156671456603,1.0
0.5365470181087313,0.14065427847929007,-0.832065905625329,1.0
0.7152230384109686,-0.6609743469493123,-0.22708790809092436,1.0
0.8357271494413374,-0.3384017891585374,0.43248625501969123,1.0
-0.19118491351979522,0.6395403245986498,0.7446049301842433,1.0
0.7806985626120362,0.05864386078798885,0.622150023649746,1.0
0.7997401365537525,-0.2569042847749992,-0.5426010527535228,1.0
0.47786184849679636,-0.18424843719938744,0.8588949686316764,1.0
-0.42150336741940525,-0.7391440416270637,0.5253579703224376,1.0
-0.24035981496710826,0.6552578159123825,-0.7161454838471799,1.0
0.4953317005355559,-0.2895600542405009,0.8190247135665643,1.0
0.046407944878840215,-0.860277487080909,-0.5077095113092516,1.0
-0.3331075390327138,-0.3812176898407107,0.8623876392853047,1.0
-0.9246760491609397,0.13368860897853463,-0.35651305717673226,1.0
0.18528625080514227,-0.5599949651929966,-0.8075113895302457,1.0
0.3989673496978961,0.36201448291410016,0.8424788234937857,1.0
0.3850477222251641,0.4191851327624423,-0.8222056166678422,1.0
-0.6876927616483882,0.7242990789972464,-0.04969416203291523,1.0
0.35339703139854406,0.7328893309199934,-0.5813637130251086,1.0
0.48967963756839483,-0.8535498860679049,0.17795068008960246,1.0
0.056312624977898164,0.997013882630312,-0.052841329568145017,1.0
-0.8337996504509301,0.3944752410219708,0.3862219920312218,1.0
0.7092008500052998,-0.4653166882170124,0.5296362280079715,1.0
-0.2783227731020924,-0.31281837966495635,-0.9081195380105818,1.0
0.7652516919265278,-0.44383378613189844,0.4662632499901861,1.0
0.46656631885626165,-0.4143874951127561,-0.7814082633317188,1.0
-0.7641933533011583,-0.40002006530649403,-0.505956980505773,1.0
-0.46133735654284375,0.3208051669887216,0.82719519358577,1.0
0.8801402283012327,0.45970723736385277,0.11841636052990315,1.0
-0.2589523558739998,0.1936860034122749,0.9462713191624723,1.0
0.3736230229443667,0.926158059296197,-0.05135256494679814,1.0
0.43901030253021356,-0.5953041575287199,0.672965760125544,1.0
-0.715794915858354,0.2775180334486252,0.640797455942312,1.0
-0.05091368108159141,0.2057903577019182,-0.97727075355586,1.0
-0.018152583849980516,-0.9784081753452237,0.20588328275311632,1.0
0.06475133362517779,0.13079308693589625,0.989292895559015,1.0
0.8176535209017516,-0.4111567339758695,-0.40297997451891454,1.0
-0.1748418893413728,-0.9414518752271894,-0.28826841721345003,1.0
0.015567127542596336,0.9630948731686846,-0.2687116108698464,1.0
0.23192404616564724,0.896834789144773,0.376694302836936,1.0
0.6622915764365471,-0.42236439549075516,-0.6188523129171629,1.0
-0.9510908260242849,-0.27902279195819907,-0.13256139038307863,1.0
0.4045895235255353,0.9136351082496652,-0.03972664630953608,1.0
-0.06050956824720216,-0.9260616268124549,0.3724895374315993,1.0
0.4990159523316424,-0.8658717869284945,0.03534300383102264,1.0
-0.8816849253987985,-0.41061074486204324,0.23244463540454802,1.0
0.20217584865691757,0.9752710210379324,0.08928248284789146,1.0
-0.34446788643874854,0.6193825157193299,-0.7054836457591455,1.0
-0.9677931342799937,0.24775573863882006,0.044649112108068864,1.0
-0.14673794853556996,-0.8401326113896213,-0.5221543543237269,1.0
-0.7332161811446278,0.25659286130156034,0.6297254443301195,1.0
-0.8220675541970985,0.16832603430684723,-0.5439405137613216,1.0
0.565520398603714,0.821094079554723,-0.07740278601754894,1.0
0.0212418264759738,0.010998996469164688,-0.999713862504985,1.0
0.38241316347731463,0.9236738626712264,0.024223290802225076,1.0
0.5779508937959907,-0.11123764016521223,-0.8084546689647419,1.0
-0.7890176648281474,-0.1233367172029757,0.601863089729492,1.0
-0.9775866093201142,-0.14673702642760714,-0.15097240262109504,1.0
0.31831143014779,0.8551790537788798,0.4090802114685193,1.0
0.38366733145732373,0.8552537616823617,-0.3483394635992113,1.0
-0.33557112664117417,-0.689368196865661,0.6419996169118486,1.0
0.6180736583865409,-0.4930774366302897,0.6122577841847175,1.0
-0.6003668587257405,-0.09781568522339724,0.7937201815930247,1.0
0.8033933265486767,0.589546604163358,0.08362992512554421,1.0
-0.049414872233490545,0.060700989412932414,-0.996932074058428,1.0
0.19254465652656028,-0.8652665206870317,0.4628611059715728,1.0
-0.6662969135849173,-0.5448559556740817,-0.5090976433982939,1.0
-0.17296220000188306,0.7905542524974799,0.5874589783369214,1.0
-0.3151979906237354,0.6957205802315601,-0.6454634776259776,1.0
0.4166472116180863,-0.1788124261405741,0.891308710441335,1.0
0.6667996639303889,-0.6071837473203727,-0.43209501868490696,1.0
0.5276156239416095,-0.8322722586331186,0.17013124604972887,1.0
-0.7213367082457923,-0.041989798802880625,0.6913105019697143,1.0
-0.08884114329655289,0.9349883323822705,-0.3433716202116626,1.0
0.7579158335597479,0.6165459244830342,-0.21315419827625504,1.0
-0.41146686199941057,-0.6377227204469507,0.6511564737465938,1.0
0.06593707261699028,0.42338773549177594,0.9035458637445294,1.0
-0.8622368611295619,0.053509510514028504,0.50367085243638,1.0
-0.1284106896190661,0.3036872295107889,0.9440787898388657,1.0
0.4551435667661083,-0.5005138162529571,0.7364307525975041,1.0
0.4199841674200447,0.8324743156081246,0.3613859612232834,1.0
0.6655925449411696,-0.3352030468654157,0.666802430627603,1.0
0.09696363619618746,-0.9641591588074727,0.2469720019420824,1.0
0.3294501271700478,-0.49119305311959943,-0.8063448383134141,1.0
0.29861637029660953,-0.6421236895788135,0.7060491701521713,1.0
-0.3187373728150522,-0.579507498196191,-0.7500516960219142,1.0
-0.8033507207372326,-0.479229501115562,0.3535063008653434,1.0
-0.9704013508993374,-0.23976966401172609,-0.028839666996083573,1.0
0.7597178637738924,-0.23421784140941013,-0.6066059431198725,1.0
0.5165491885907275,-0.7843944378361629,-0.3433690458645781,1.0
-0.04306145720027107,-0.9676455201186094,0.2486118627462802,1.0
0.19750356107413103,0.38092159577744267,0.9032668936883516,1.0
-0.5866275542633274,0.778455762633841,0.22332652820744772,1.0
-0.05282578995831704,-0.8298805632359262,0.5554346826391935,1.0
-0.7733983313335469,-0.3957787071066778,0.495191110674911,1.0
0.7096730266758237,-0.47043829304391765,-0.5244540090863075,1.0
0.23019287687673615,-0.6261462212366816,-0.7449511051513623,1.0
0.32988624268741223,0.9306103813783542,0.1585540442764413,1.0
0.9743181628324807,-0.03392869091681078,-0.2226049449302756,1.0
0.8240411312424605,0.39054340787584807,0.41040475214763894,1.0
-0.12516245084705296,-0.9910745104998719,0.04588764033373454,1.0
-0.2690333258257936,-0.9172766249405557,0.2936403632554207,1.0
0.38364090588332017,0.9008989532462176,0.20297963290166537,1.0
-0.5878237005305105,-0.44309474813270017,-0.6768532642100765,1.0
-0.5959348470643198,-0.6777191682778606,-0.4307648859914079,1.0
0.977420562835904,-0.18849415193301094,0.09549344497189195,1.0
-0.9907094099887743,-0.11314466630239249,0.07545296181737843,1.0
-0.8063997900237573,-0.2781300371349216,-0.5218841452784012,1.0
0.2022978242503222,0.1933713216319065,0.9600432918748589,1.0
0.3361525739486985,-0.8623727588550785,-0.37856924308816414,1.0
-0.39720388056906375,0.9102344439972891,-0.11705696998394785,1.0
0.41459949690641523,-0.5960318568921236,-0.6876432816036775,1.0
0.17069721097200397,0.14553227433300078,0.9745167106283213,1.0
0.36916280500582244,-0.2066300166533881,-0.9061031175412949,1.0
-0.5850228437032763,0.8081252609267067,-0.06842393585196671,1.0
0.2216371798490918,0.6555241391989919,-0.7219176292597116,1.0
-0.8016823779383218,-0.563860748105402,0.1984097317400893,1.0
-0.8977529731741188,-0.13058586688185828,-0.42069814657036897,1.0
0.9119203818441993,-0.3504440083817801,0.21351865062902659,1.0
-0.6120272267144223,0.6880255024654567,0.38992766215980235,1.0
0.3171168834452328,-0.838856908516857,-0.4424431819652371,1.0
0.661226599422072,0.49703200205971365,-0.561906196037413,1.0
0.6890637558906094,0.7246021749397122,0.0119510832381528,1.0
0.4472112997547735,-0.5773325421907058,-0.6831465355977903,1.0
0.36537991039075884,-0.8521949060024566,0.37451483717778833,1.0
-0.054133252671064266,0.14271054756409882,0.9882830012548055,1.0
0.47489244142689174,-0.034949455692862647,0.8793495918133919,1.0
0.8841233779930304,0.03998303693014894,0.465539696743506,1.0
-0.9662698871254152,0.10726770483150602,0.23412847911951754,1.0
0.39656291936845617,-0.2374145394837366,-0.8867762893896592,1.0
-0.8885146054191057,-0.0204464903201632,0.4583925577390172,1.0
-0.7483521090502514,-0.6176261541124419,0.24188231567502974,1.0
-0.20878772861235226,0.13183197451813206,-0.969034578782174,1.0
-0.9892227490928188,0.1430903737518525,-0.031040258001525167,1.0
0.15645075384878063,0.8294781012689937,-0.5361802319512846,1.0
0.13526134635491835,-0.13778687990695385,-0.9811825232380372,1.0
-0.47645599751390794,-0.7353917643094755,0.48185955984998763,1.0
-0.9916616399788003,0.11008942666471341,-0.06698887916058303,1.0
0.622937184481711,0.17358553836591464,-0.7627695097866813,1.0
0.8914793962057944,0.4438132755507679,-0.09107284219486411,1.0
-0.6522012601391873,-0.7273760970162724,0.2134420993202378,1.0
-0.3384744666166043,0.5152616187661555,0.7873630037505486,1.0
0.6807508289585017,-0.6281150729571382,0.3768948978115272,1.0
0.985664277260006,0.03104942503656541,0.1658368648353213,1.0
0.6002301943528732,-0.7961407750379116,0.07670449862391092,1.0
0.574708178353203,-0.7256099727605171,0.37841865329873015,1.0
-0.4806567568139314,-0.47400070912008335,-0.7377617568583854,1.0
-0.4618012896571662,-0.7475928257149144,0.47733063573435924,1.0
0.690129144027035,0.43630681619031614,-0.5773717404847433,1.0
-0.9677532008505466,0.12062320767509739,0.22114199966015433,1.0
-0.7090165772350232,-0.6676356771004753,0.2270640787718794,1.0
0.2851243033282009,0.9066160017363037,-0.3110491232061046,1.0
-0.36055874447569447,-0.7278113295646171,-0.5833421468910805,1.0
-0.6026556666377143,-0.7973430338287862,-0.032407312047732104,1.0
0.20778925442990762,0.9579871928286888,0.19769715253303904,1.0
-0.2115785375863829,0.5452646216227952,-0.8111233043374834,1.0
-0.40779442954784745,0.8818332737926883,-0.2367990296893449,1.0
-0.8787068988154996,0.4308891977231796,-0.20544752434507935,1.0
-0.004074322250320183,0.004699600766437417,0.9999806566383354,1.0
0.32613397202771577,0.5424373608309269,-0.7742082031754791,1.0
-0.47505106896001453,0.8594048928194591,-0.18907594262073996,1.0
-0.2132906102286205,-0.01435067717237843,0.9768833981868036,1.0
-0.3487909863119816,0.3188851019877286,0.8812815325409872,1.0
-0.08665200822005577,-0.6029226428806205,0.7930798926799741,1.0
-0.0323505305043879,-0.5331396614267317,0.8454085075215853,1.0
0.8264940255734837,-0.15011344197250914,0.5425620519631867,1.0
0.8010018797956578,0.5081000051606639,-0.31659180867412845,1.0
0.933845758941805,0.3199258306878272,0.15993611651252543,1.0
0.13479717325064958,0.8027021349968614,0.5809466451879337,1.0
-0.06725228340743777,-0.9962693136834955,-0.054079432218748294,1.0
-0.09571705334223723,0.8439573003343427,0.5278014029081843,1.0
-0.7054066836564366,0.49398712718630383,0.5083090878855605,1.0
-0.5626367877568624,-0.6280052716231581,0.5376329825040153,1.0
-0.9557680504703008,-0.09533586958843564,0.2782418115057784,1.0
0.40905329537678714,0.8750109133855313,-0.2589040420650267,1.0
0.35893152081527663,0.7961952085863941,0.48707427892396554,1.0
0.7714750781649455,0.021512795923212508,-0.6358957488314868,1.0
0.3759751362005312,0.1735818127279817,0.9102263736285934,1.0
-0.7149208063916962,-0.47413232337493094,-0.5138937443862658,1.0
0.7188820185219441,-0.5914102241828071,0.3652979471306361,1.0
-0.27895499347806013,-0.8484220759820432,-0.44984896643204103,1.0
-0.8496250632766492,0.16511137736468115,0.5008747197821902,1.0
0.8426984116177463,0.43732931910659834,-0.3140102764348427,1.0
-0.5971452134665249,-0.1896621228305744,-0.7793881402724951,1.0
-0.8066659049442044,0.4322839509350584,0.4030145202899318,1.0
-0.8114882978367298,-0.42583384478953584,-0.40019030361292907,1.0
-0.1717645670133634,0.9781472646559727,0.1171531568706137,1.0
0.8827771476367263,-0.449627962554747,-0.1361587415454199,1.0
-0.9439684944912551,-0.3299170416338828,0.008844605557071025,1.0
0.5026675809547099,0.5378970223816282,0.6767511332610523,1.0
-0.5927183395837788,0.5286637444301207,0.6076179846302875,1.0
0.5517836283027293,-0.1876943352970463,-0.8125919418961004,1.0
0.09618472723155323,-0.6134808285617119,0.7838301928572458,1.0
-0.6520446640226423,-0.4727873764346916,-0.5927139721683645,1.0
0.21494729053444242,0.40425148585483933,-0.8890322820213317,1.0
-0.3062311961574351,0.19712298039886805,0.9313243178928885,1.0
-0.2706531677316246,-0.9293322927367652,0.25117394863612863,1.0
-0.8011875147951777,-0.03166930232823098,0.5975747831245645,1.0
-0.17384313377174673,0.5215112904834056,0.8353469571015097,1.0
-0.5963009938431605,-0.7496918619617412,0.28703176975728106,1.0
-0.816744761193501,0.2711720858435005,0.5093070733086829,1.0
0.47204522739097216,0.8740823313127831,-0.11468819199994147,1.0
-0.025834201071180115,0.6558403014449696,0.7544574826029531,1.0
0.9037316796737734,-0.2895491463278003,0.31532577283638297,1.0
0.34577053453516027,0.308584868689653,0.8861253389126503,1.0
-0.010687018656299667,0.9690056859319657,0.24680714791869546,1.0
-0.2824249282293688,-0.5647760532396996,0.7754122578355489,1.0
0.3280956909580865,-0.041101279192764364,0.9437499151912303,1.0
0.5438632562257932,-0.3376044785963872,-0.7682681657853193,1.0
0.638089417262064,-0.1200553827102301,0.7605449366477038,1.0
-0.2957723839006223,0.2913134924596776,-0.9097555419082031,1.0
0.5462002822983038,0.37252090106563435,0.7502622407441955,1.0
0.7573759701827321,-0.44401848867386945,-0.47877888581843125,1.0
-0.3676880674305237,-0.8839157009706444,-0.28896110230752675,1.0
0.030079320136481763,-0.9732447798461845,0.22779339982159053,1.0
0.28168268001265634,-0.8153568187850556,0.5058143195300044,1.0
0.3972140768523421,0.10812836616830473,-0.9113337662898894,1.0
0.21457819301873046,-0.9505591548347329,-0.22448494880658457,1.0
0.007141721535035356,-0.9313255323917705,0.36411776738948215,1.0
-0.1278019331121471,-0.6576583449919032,-0.742396233257759,1.0
-0.8599403231774606,0.05476737828001184,0.5074477065174093,1.0
-0.6038043525541219,-0.1501683769947939,0.7828599890066212,1.0
-0.45933639351716277,-0.5343395903064232,-0.7095711943292302,1.0
-0.4867613652537193,0.7630501186656594,-0.4252268685074573,1.0
0.5511728090734044,-0.0036540373548557266,0.8343831149712594,1.0
-0.31331998056123767,-0.7904202980397118,-0.5263709169662765,1.0
-0.6829392687059483,-0.5670490370458365,-0.4604881592883512,1.0
-0.31681498579718365,0.9190641926558801,0.2344126160259413,1.0
0.6163330342377317,0.4268972902648646,0.6617343080661806,1.0
-0.2977191855446988,-0.0761008747521308,-0.9516154388304983,1.0
0.10522099062343172,-0.7004693176657006,0.7058833318199059,1.0
-0.19002584212743037,0.2673895759474269,0.9446655461052954,1.0
0.23143667134400633,-0.3561893310876093,-0.9052989713771732,1.0
-0.023017999649641276,0.3784399106391694,0.9253396164260701,1.0
0.8472726102573477,-0.48833021323683773,-0.20895627951264176,1.0
-0.9929704017580513,-0.10790449959245786,0.04864565962298545,1.0
0.5884783774712948,-0.45666419054978574,-0.6671963851207987,1.0
0.8821799656478381,0.34639200061996434,-0.3190158148369421,1.0
0.8788275196803814,-0.31117348168111886,0.36170879855331,1.0
0.6738640612748404,0.2827084157337127,-0.6826296057127265,1.0
-0.8938935176716015,0.2899255148516245,-0.34190287349291276,1.0
0.5459901948182061,-0.24239476620706865,-0.8019597773440996,1.0
0.6975407342217991,0.01790571771330745,-0.7163213729705996,1.0
0.12996630051763033,0.8130696715488004,-0.5674737614527098,1.0
0.51339456559532,-0.436575211345564,0.73880180350062,1.0
0.7049922353019651,0.27517496030205374,-0.6536548702386465,1.0
0.7087968094251188,-0.6311686772569904,0.3150129898884058,1.0
-0.5285916228429242,-0.09351588192258671,-0.843709473745865,1.0
0.9770853021296501,0.11386997041052822,-0.1798275346016733,1.0
-0.43456099227887046,-0.8862740458399438,0.16023438975482265,1.0
0.01718426436649761,0.14617440722194122,-0.98910957114543,1.0
0.3746337761880039,0.8041124627121609,-0.4615763003557488,1.0
0.21045404412348884,-0.3477522370650076,0.9136615768042078,1.0
-0.7563400992558265,0.005371341160910495,-0.6541565584413409,1.0
0.2720309528802632,0.07603707290836377,0.9592796902981863,1.0
0.5757639664186037,0.1912669424629295,-0.7949294381860565,1.0
0.43591776394441084,-0.899498187384847,0.02964310997651219,1.0
0.419433445963731,-0.4587598299201616,-0.7833358174235456,1.0
-0.22302068210518053,0.8480290824819193,0.48073740297402906,1.0
0.12445991190120864,0.6672634812756744,-0.734349492330056,1.0
0.012526718013260215,-0.5858427455035656,-0.810327932923863,1.0
-0.8657113931262077,0.397256377897056,-0.3045179042874031,1.0
0.8334355466947722,0.5512420210796818,0.0389541230369,1.0
0.07353109315337926,0.6595699506425711,-0.7480378724028787,1.0
0.07021275344326255,0.7732291188330559,-0.6302276565199053,1.0
-0.8571635338322938,0.3873860606844937,0.33941525636818926,1.0
0.7469636240459127,-0.47280934375790373,-0.46743627245584723,1.0
0.9415038428152432,0.10857087698495915,0.31903429068808037,1.0
0.8017698977845203,-0.16945807399892643,0.573104695638741,1.0
0.23323727073336475,0.8856296903020128,-0.40157244327320596,1.0
-0.8991420128236471,-0.020946804791428974,-0.4371554324773629,1.0
0.562880079358468,-0.12318114557220043,-0.8173080335081292,1.0
-0.8572258719442268,-0.4980820116933133,-0.13068325867149927,1.0
-0.5087076608515766,0.810039291399596,-0.29163823854178933,1.0
-0.16367339913350093,0.5461503786206628,0.8215417106566121,1.0
0.12445810838519211,0.7508412647526131,0.648650579589563,1.0
0.9963677442950095,0.0851073444621074,-0.0028386699495966663,1.0
0.6626541235556735,0.3444482238914919,0.6650149874947623,1.0
-0.44846447989209764,-0.8915483850225236,-0.06341204490347661,1.0
-0.419413559531784,-0.6086679132369266,-0.6735099386621433,1.0
-0.4170255427687505,0.8044298385767125,0.4230630348847238,1.0
-0.5534243896287534,0.8074398614625442,-0.20435830074990624,1.0
-0.40184687569868954,-0.25202152856160703,0.8803432498932863,1.0
0.052835234174579124,-0.6245579412441576,-0.7791892042749159,1.0
-0.024581534821007407,0.059625069974955286,0.9979181325020231,1.0
0.1279224053905223,0.9748446125732046,-0.18252079206518165,1.0
0.13037058380322944,-0.5687015255407043,-0.8121465912792349,1.0
0.8618673034431734,-0.39797108048700747,-0.31433067039599677,1.0
0.6962130451892763,-0.713724705998603,-0.07671010204322848,1.0
0.06940271022071065,0.7716396789383125,-0.6322621843048958,1.0
-0.7043343331767808,0.46333724449316815,-0.5378027007870987,1.0
-0.2891603220414848,-0.745265337050421,0.6008043654535039,1.0
0.7342236366850057,-0.618803737075496,-0.2792804796516314,1.0
-0.4826174448342444,0.8088490130152489,0.33592212800874344,1.0
-0.05001243596768817,0.9979294370458691,-0.040442489115935995,1.0
-0.43514095909143713,-0.8403485710193848,-0.3232129714393628,1.0
0.532897149566782,0.6542944820407174,-0.5365811762955053,1.0
-0.4056538391761446,0.2641905017062231,0.8750133379382673,1.0
0.3913217310085412,-0.9118958028289167,-0.123747111576329,1.0
0.7763815560513339,-0.041467560749667266,0.6288975439837416,1.0
0.8124546079505608,0.3397885620414196,-0.4737734090530251,1.0
0.9677649320391046,-0.23807847439466634,-0.08215641390211319,1.0
-0.09185640682387741,-0.9274818184342477,0.36240843947031304,1.0
-0.2959246853374152,-0.7461351792498659,-0.5964150190041514,1.0
0.5647180024185647,0.7723792885093045,0.2907297928081098,1.0
-0.699670680406429,-0.7011411275140007,-0.13733920885166231,1.0
-0.6846090290563773,0.3895044696733257,0.6161142308362839,1.0
-0.39601715651801395,0.8183689489010313,0.4164644945466636,1.0
-0.6299715367196418,0.3528623608520111,-0.6918265803053812,1.0
-0.6574157355376914,-0.7488218577978841,0.0840855275987599,1.0
-0.38378570574048965,-0.045340271885933134,-0.9223084038512193,1.0
0.14004666169860833,-0.9161059623692225,-0.375681777916678,1.0
-0.04574427070681489,-0.2990700740012842,0.9531340684994781,1.0
0.12994386818998066,-0.9876749584145489,-0.08725117558316506,1.0
0.18372559775863628,0.823757580069857,0.5363472326820427,1.0
-0.40376944132313786,0.4354742149825741,0.8045697274561802,1.0
-0.3983331832545852,-0.5446128951317973,-0.7380565490356621,1.0
0.5356080024118977,0.8111287580572799,0.23493447087388294,1.0
0.06748412384428676,0.995971109292837,0.05905457207502729,1.0
-0.813985175006143,-0.17717646530440814,-0.5532057799882922,1.0
-0.23862200587432467,-0.33580484637444663,-0.9112050501747386,1.0
-0.940115239526778,-0.01938293525439296,-0.34030521334595043,1.0
0.8683800248767357,0.44835670284734086,0.21187826553693803,1.0
0.46218859410771623,-0.024461171463039205,-0.8864442196593018,1.0
-0.011510515474820815,-0.3561093773371441,-0.9343733832928115,1.0
0.4907811482673961,0.4472810623028226,0.747712187817341,1.0
-0.2283703393855132,-0.9578987505273784,-0.1740027925840062,1.0
-0.6225545871656651,0.06241919071186003,-0.7800830921317707,1.0
-0.6215485967957751,0.7719999890253195,-0.1330163853294385,1.0
0.746294928906391,-0.3159578818232337,0.5858451126384688,1.0
0.5811342275169239,0.6654953416927034,0.468400426764985,1.0
-0.9838143725411878,-0.14616246995712723,-0.10366201212315249,1.0
0.6864272037723665,0.7200320785855246,0.10184056033358527,1.0
-0.9673814801145915,0.052917850305857016,0.2477352882621069,1.0
-0.23577593372856323,0.8672925264942443,0.43842146681207866,1.0
-0.5455101168045052,-0.3217724867881495,0.7738741365429557,1.0
0.8138766917017332,0.5807906017757515,-0.016941298462711755,1.0
-0.5277049199098403,-0.5321423812609504,0.6620815686672408,1.0
